{"frames": {

"boxEmpty.png":
{
	"frame": {"x":1,"y":385,"w":506,"h":331},
	"rotated": false,
	"trimmed": false,
	"spriteSourceSize": {"x":0,"y":0,"w":506,"h":331},
	"sourceSize": {"w":506,"h":331}
},
"boxEmptyL.png":
{
	"frame": {"x":1277,"y":1,"w":610,"h":370},
	"rotated": false,
	"trimmed": true,
	"spriteSourceSize": {"x":20,"y":12,"w":610,"h":370},
	"sourceSize": {"w":630,"h":382}
},
"boxEmptyR.png":
{
	"frame": {"x":1,"y":1,"w":636,"h":382},
	"rotated": false,
	"trimmed": false,
	"spriteSourceSize": {"x":0,"y":0,"w":636,"h":382},
	"sourceSize": {"w":636,"h":382}
},
"boxGold.png":
{
	"frame": {"x":509,"y":385,"w":506,"h":331},
	"rotated": false,
	"trimmed": false,
	"spriteSourceSize": {"x":0,"y":0,"w":506,"h":331},
	"sourceSize": {"w":506,"h":331}
},
"boxGoldL.png":
{
	"frame": {"x":1277,"y":373,"w":610,"h":370},
	"rotated": false,
	"trimmed": true,
	"spriteSourceSize": {"x":20,"y":12,"w":610,"h":370},
	"sourceSize": {"w":630,"h":382}
},
"boxGoldR.png":
{
	"frame": {"x":639,"y":718,"w":621,"h":366},
	"rotated": false,
	"trimmed": true,
	"spriteSourceSize": {"x":11,"y":16,"w":621,"h":366},
	"sourceSize": {"w":636,"h":382}
},
"boxLock.png":
{
	"frame": {"x":1,"y":1129,"w":506,"h":331},
	"rotated": false,
	"trimmed": false,
	"spriteSourceSize": {"x":0,"y":0,"w":506,"h":331},
	"sourceSize": {"w":506,"h":331}
},
"boxLockL.png":
{
	"frame": {"x":1262,"y":745,"w":610,"h":370},
	"rotated": false,
	"trimmed": true,
	"spriteSourceSize": {"x":20,"y":12,"w":610,"h":370},
	"sourceSize": {"w":630,"h":382}
},
"boxLockR.png":
{
	"frame": {"x":639,"y":1,"w":636,"h":382},
	"rotated": false,
	"trimmed": false,
	"spriteSourceSize": {"x":0,"y":0,"w":636,"h":382},
	"sourceSize": {"w":636,"h":382}
},
"boxOver.png":
{
	"frame": {"x":1251,"y":1117,"w":506,"h":331},
	"rotated": false,
	"trimmed": false,
	"spriteSourceSize": {"x":0,"y":0,"w":506,"h":331},
	"sourceSize": {"w":506,"h":331}
},
"boxOverL.png":
{
	"frame": {"x":639,"y":1086,"w":610,"h":370},
	"rotated": false,
	"trimmed": true,
	"spriteSourceSize": {"x":20,"y":12,"w":610,"h":370},
	"sourceSize": {"w":630,"h":382}
},
"boxOverR.png":
{
	"frame": {"x":1,"y":745,"w":636,"h":382},
	"rotated": false,
	"trimmed": false,
	"spriteSourceSize": {"x":0,"y":0,"w":636,"h":382},
	"sourceSize": {"w":636,"h":382}
}},
"meta": {
	"app": "http://www.codeandweb.com/texturepacker",
	"version": "1.0",
	"image": "BoxesTexture.png",
	"format": "RGBA8888",
	"size": {"w":1888,"h":1461},
	"scale": "1",
	"smartupdate": "$TexturePacker:SmartUpdate:0397fa9d2843d87f5e2b84488d88b9f6:b735d1a67dcabfbbee5fb12643db1498:1e52986702848530aad1deda557c0a4f$"
}
}
